"DESCRIPTION","DURATION IN MS","NAME","PARENT SUITE","START TIME","STATUS","STOP TIME","SUB SUITE","SUITE","TEST CLASS","TEST METHOD"
"Verifies that two screenshots can be compared.","1688","TC-VIS-005 Compare Screenshots","","2026-07-30","passed","2026-07-30","Test Visual Testing","Ui","",""
"Verifies that form can be submitted via submit keyword.","3974","TC-FORM-017 Submit Form","","2026-07-30","passed","2026-07-30","Test Form","Ui","",""
"Verifies that a user session can be created.","2213","TC-MC-005 Create User Session","","2026-07-30","passed","2026-07-30","Test Multi Context","Ui","",""
"Verifies that resource load times are returned.","750","TC-PERF-005 Get Resource Load Times","","2026-07-30","passed","2026-07-30","Test Performance","Ui","",""
"Verifies that auth type is Basic after configuration.","6","TC-AUTH-005 Get Auth Type Basic","","2026-07-30","passed","2026-07-30","Test Api Auth","Api","",""
"Verifies failure reason is logged correctly.","5","TC-EL-025 Log Failure Reason","","2026-07-30","passed","2026-07-30","Test Execution Logger","Logging","",""
"Verifies selecting an option from dropdown by label.","815","TC-INT-012 Select Option By Label","","2026-07-30","passed","2026-07-30","Test Interaction","Ui","",""
"Verifies skipped test is logged correctly.","5","TC-EL-027 Log Skipped Test","","2026-07-30","passed","2026-07-30","Test Execution Logger","Logging","",""
"Verifies that default headers can be configured.","5","TC-CFG-001 Configure Default Headers","","2026-07-30","passed","2026-07-30","Test Api Config","Api","",""
"Verifies execution status is retrieved and logged.","5","TC-EL-023 Get And Log Execution Status","","2026-07-30","passed","2026-07-30","Test Execution Logger","Logging","",""
"Verifies that auth type is Bearer after configuration.","222","TC-AUTH-003 Get Auth Type Bearer","","2026-07-30","passed","2026-07-30","Test Api Auth","Api","",""
"Overrides connection parameters at runtime and reconnects.","61","TC-CON-004 Reconfigure And Reconnect With Custom Parameters","","2026-07-30","passed","2026-07-30","Test Connection","Database","",""
"Verifies that multiple form fields can be cleared at once.","877","TC-FORM-011 Clear All Form Fields","","2026-07-30","passed","2026-07-30","Test Form","Ui","",""
"Verifies that a user session can be closed.","2336","TC-MC-007 Close User Session","","2026-07-30","passed","2026-07-30","Test Multi Context","Ui","",""
"Drops the test table completely.","10","TC-DM-007 Drop Test Table","","2026-07-30","passed","2026-07-30","Test Data Setup","Database","",""
"Verifies that response body is returned correctly.","216","TC-CLI-004 Get Response Body","","2026-07-30","passed","2026-07-30","Test Api Client","Api","",""
"Verifies that the correct path is returned.","2","TC-FL-003 Get Log File Path","","2026-07-30","passed","2026-07-30","Test File Logger","Logging","",""
"Verifies that a specific key can be pressed.","774","TC-INT-017 Press Key","","2026-07-30","passed","2026-07-30","Test Interaction","Ui","",""
"Verifies that a full page screenshot is taken successfully.","4020","TC-VIS-001 Take Full Page Screenshot","","2026-07-30","passed","2026-07-30","Test Visual Testing","Ui","",""
"Verifies that a new browser context can be created.","21","TC-MC-001 Create New Browser Context","","2026-07-30","passed","2026-07-30","Test Multi Context","Ui","",""
"Verifies that a message is appended to the log file.","4","TC-FL-002 Append To Log File","","2026-07-30","passed","2026-07-30","Test File Logger","Logging","",""
"Verifies that form fields are visible.","767","TC-FORM-007 Verify Form Field Is Visible","","2026-07-30","passed","2026-07-30","Test Form","Ui","",""
"Verifies suite teardown start and end are logged.","14","TC-EL-009 Log Suite Teardown Start And End","","2026-07-30","passed","2026-07-30","Test Execution Logger","Logging","",""
"Verifies that the page title contains expected text.","747","TC-VAL-UI-012 Verify Page Title Contains","","2026-07-30","passed","2026-07-30","Test Ui Validation","Ui","",""
"Verifies that a timestamp is returned in the correct format.","2","TC-EL-001 Format Timestamp","","2026-07-30","passed","2026-07-30","Test Execution Logger","Logging","",""
"Verifies that DOM content loaded time is returned.","901","TC-PERF-002 Get DOM Content Loaded Time","","2026-07-30","passed","2026-07-30","Test Performance","Ui","",""
"Verifies that page scrolls to the bottom.","754","TC-NAV-006 Scroll To Bottom","","2026-07-30","passed","2026-07-30","Test Navigation","Ui","",""
"Updates the name of the test user created in TC-CRUD-006.","24","TC-CRUD-007 Update The Created User","","2026-07-30","passed","2026-07-30","Test Crud","Database","",""
"Verifies test teardown start and end are logged.","10","TC-EL-013 Log Test Teardown Start And End","","2026-07-30","passed","2026-07-30","Test Execution Logger","Logging","",""
"Verifies that CSS property is returned correctly.","783","TC-VAL-UI-014 Get Element CSS Property","","2026-07-30","passed","2026-07-30","Test Ui Validation","Ui","",""
"Verifies that Largest Contentful Paint metric is returned.","757","TC-PERF-004 Get Largest Contentful Paint","","2026-07-30","passed","2026-07-30","Test Performance","Ui","",""
"Verifies that the login response is received.","1291","TC-NET-002 Wait For Response","","2026-07-30","passed","2026-07-30","Test Network","Ui","",""
"Verifies that an API session can be created.","2","TC-CLI-001 Create API Session","","2026-07-30","passed","2026-07-30","Test Api Client","Api","",""
"Verifies that the page refreshes successfully.","1798","TC-NAV-002 Refresh Page","","2026-07-30","passed","2026-07-30","Test Navigation","Ui","",""
"Verifies that the connection status is INACTIVE after disconnecting.","52","TC-CON-003 Verify Database Disconnection","","2026-07-30","passed","2026-07-30","Test Connection","Database","",""
"Verifies that SSL verification can be configured.","4","TC-CFG-005 Configure SSL Verification","","2026-07-30","passed","2026-07-30","Test Api Config","Api","",""
"Verifies that a warning message is logged correctly.","10","TC-ERR-006 Log Warning Message","","2026-07-30","passed","2026-07-30","Test Error Logger","Logging","",""
"Verifies that response body is valid JSON.","212","TC-VAL-API-004 Validate Response Is JSON","","2026-07-30","passed","2026-07-30","Test Api Validation","Api","",""
"Verifies that the email column exists in the users table.","9","TC-VAL-006 Verify Column Exists","","2026-07-30","passed","2026-07-30","Test Validation","Database","",""
"Inserts multiple records into the test table.","24","TC-DM-003 Insert Multiple Test Records","","2026-07-30","passed","2026-07-30","Test Data Setup","Database","",""
"Verifies execution log is cleared successfully.","9","TC-EL-033 Clear Execution Log","","2026-07-30","passed","2026-07-30","Test Execution Logger","Logging","",""
"Verifies that double click works on an element.","1086","TC-INT-016 Double Click Element","","2026-07-30","passed","2026-07-30","Test Interaction","Ui","",""
"Verifies that the current URL is returned correctly.","779","TC-NAV-003 Get Current URL","","2026-07-30","passed","2026-07-30","Test Navigation","Ui","",""
"Verifies validation step is logged correctly.","5","TC-EL-032 Log Validation Result","","2026-07-30","passed","2026-07-30","Test Execution Logger","Logging","",""
"Inserts a single record into the test table.","11","TC-DM-002 Insert Single Test Record","","2026-07-30","passed","2026-07-30","Test Data Setup","Database","",""
"Verifies that the database connection is established successfully.","85","TC-CON-001 Verify Database Connection Is Active","","2026-07-30","passed","2026-07-30","Test Connection","Database","",""
"Verifies that bearer token authentication can be configured.","720","TC-AUTH-001 Set Bearer Token","","2026-07-30","passed","2026-07-30","Test Api Auth","Api","",""
"Verifies that transaction start is logged correctly.","5","TC-QL-008 Log Transaction Start","","2026-07-30","passed","2026-07-30","Test Query Logger","Logging","",""
"Verifies that element attribute is returned correctly.","775","TC-VAL-UI-007 Get Element Attribute","","2026-07-30","passed","2026-07-30","Test Ui Validation","Ui","",""
"Verifies that auth type is API_KEY after configuration.","5","TC-AUTH-007 Get Auth Type API Key","","2026-07-30","passed","2026-07-30","Test Api Auth","Api","",""
"Verifies that timeout can be configured.","3","TC-CFG-004 Configure Timeout","","2026-07-30","passed","2026-07-30","Test Api Config","Api","",""
"Verifies that the log file is exported to CSV.","19","TC-FL-008 Export Log To CSV","","2026-07-30","passed","2026-07-30","Test File Logger","Logging","",""
"Verifies that a visual report is saved with screenshots.","1678","TC-VIS-011 Save Visual Report","","2026-07-30","passed","2026-07-30","Test Visual Testing","Ui","",""
"Verifies that a query result is logged correctly.","5","TC-QL-002 Log Query Result","","2026-07-30","passed","2026-07-30","Test Query Logger","Logging","",""
"Deletes the test user created in TC-CRUD-006.","16","TC-CRUD-008 Delete The Created User","","2026-07-30","failed","2026-07-30","Test Crud","Database","",""
"Verifies that end time is stored and retrieved correctly.","3","TC-EL-003 Store And Get End Time","","2026-07-30","passed","2026-07-30","Test Execution Logger","Logging","",""
"Verifies that transaction rollback is logged correctly.","5","TC-QL-010 Log Transaction Rollback","","2026-07-30","passed","2026-07-30","Test Query Logger","Logging","",""
"Verifies that response body field has expected value.","214","TC-VAL-API-006 Validate Response Body Field Value","","2026-07-30","passed","2026-07-30","Test Api Validation","Api","",""
"Verifies that the log file is exported to JSON.","20","TC-FL-007 Export Log To JSON","","2026-07-30","passed","2026-07-30","Test File Logger","Logging","",""
"Verifies that email field has chakra-input class.","791","TC-VAL-UI-009 Verify Element Has Class","","2026-07-30","passed","2026-07-30","Test Ui Validation","Ui","",""
"Creates a test table using a generic SQL schema.","12","TC-DM-001 Setup Test Table","","2026-07-30","passed","2026-07-30","Test Data Setup","Database","",""
"Verifies that the login request was made after submitting the form.","1292","TC-NET-004 Verify Request Was Made","","2026-07-30","passed","2026-07-30","Test Network","Ui","",""
"Verifies that selected option value is returned.","812","TC-INT-014 Get Selected Option","","2026-07-30","passed","2026-07-30","Test Interaction","Ui","",""
"Verifies that a known user exists in the database.","9","TC-VAL-001 Verify Record Exists In Users Table","","2026-07-30","passed","2026-07-30","Test Validation","Database","",""
"Verifies test error is logged correctly.","5","TC-EL-016 Log Test Error","","2026-07-30","passed","2026-07-30","Test Execution Logger","Logging","",""
"Verifies that a specific email exists only once in the table.","7","TC-VAL-007 Verify Unique Constraint On Email","","2026-07-30","passed","2026-07-30","Test Validation","Database","",""
"Verifies that Escape key works.","768","TC-INT-008 Press Escape","","2026-07-30","passed","2026-07-30","Test Interaction","Ui","",""
"Verifies that login returns status 200.","212","TC-VAL-API-001 Validate Status Code 200","","2026-07-30","passed","2026-07-30","Test Api Validation","Api","",""
"Verifies that a recovery action is logged correctly.","10","TC-ERR-009 Log Recovery Action","","2026-07-30","passed","2026-07-30","Test Error Logger","Logging","",""
"Verifies that cookies are retrieved from the browser.","1157","TC-UI-007 Get Browser Cookies","","2026-07-30","passed","2026-07-30","Test Common Ui","Ui","",""
"Truncates the test table.","19","TC-DM-006 Cleanup Test Table","","2026-07-30","passed","2026-07-30","Test Data Setup","Database","",""
"Verifies that a POST request to login endpoint works.","604","TC-CLI-002 POST Request Login","","2026-07-30","passed","2026-07-30","Test Api Client","Api","",""
"Verifies that a successful query is logged correctly.","5","TC-QL-004 Log Query Success","","2026-07-30","passed","2026-07-30","Test Query Logger","Logging","",""
"Verifies that error message is captured without failing.","3","TC-EL-022 Capture Keyword Error Message","","2026-07-30","passed","2026-07-30","Test Execution Logger","Logging","",""
"Measures and verifies navigation time to BMS.","1491","TC-PERF-011 Measure Navigation Time","","2026-07-30","passed","2026-07-30","Test Performance","Ui","",""
"Verifies that the submit button is enabled.","767","TC-VAL-UI-011 Verify Element Is Enabled","","2026-07-30","passed","2026-07-30","Test Ui Validation","Ui","",""
"Verifies that log level can be set and retrieved.","7","TC-EL-007 Set And Get Log Level","","2026-07-30","passed","2026-07-30","Test Execution Logger","Logging","",""
"Verifies that start time is stored and retrieved correctly.","3","TC-EL-002 Store And Get Start Time","","2026-07-30","passed","2026-07-30","Test Execution Logger","Logging","",""
"Verifies that query parameters are logged correctly.","6","TC-QL-006 Log Query Parameters","","2026-07-30","passed","2026-07-30","Test Query Logger","Logging","",""
"Verifies that proxy configuration is returned correctly.","5","TC-CFG-007 Get Proxy Configuration","","2026-07-30","passed","2026-07-30","Test Api Config","Api","",""
"Verifies successful login redirects to dashboard.","4539","TC-FORM-015 Verify Login Success","","2026-07-30","passed","2026-07-30","Test Form","Ui","",""
"Verifies that a form field can be filled.","3779","TC-FORM-001 Fill Form Field","","2026-07-30","passed","2026-07-30","Test Form","Ui","",""
"Verifies that the users table contains at least one record.","8","TC-VAL-004 Verify Table Is Not Empty","","2026-07-30","passed","2026-07-30","Test Validation","Database","",""
"Verifies that a user belongs to an existing building.","16","TC-VAL-010 Verify Foreign Key Relationship","","2026-07-30","passed","2026-07-30","Test Validation","Database","",""
"Verifies suite summary is logged correctly.","4","TC-EL-010 Log Suite Summary","","2026-07-30","passed","2026-07-30","Test Execution Logger","Logging","",""
"Verifies that form field state is returned correctly.","781","TC-FORM-009 Get Form Field State","","2026-07-30","passed","2026-07-30","Test Form","Ui","",""
"Verifies that heading text matches a pattern.","773","TC-VAL-UI-006 Verify Element Text Matches","","2026-07-30","passed","2026-07-30","Test Ui Validation","Ui","",""
"Verifies that the current page can be closed.","2296","TC-UI-011 Close Current Page","","2026-07-30","passed","2026-07-30","Test Common Ui","Ui","",""
"Verifies that a screenshot is taken successfully.","1620","TC-UI-005 Take Page Screenshot","","2026-07-30","passed","2026-07-30","Test Common Ui","Ui","",""
"Verifies that an element can be clicked.","3697","TC-INT-001 Click Element","","2026-07-30","passed","2026-07-30","Test Interaction","Ui","",""
"Verifies selecting an option from dropdown by index.","801","TC-INT-013 Select Option By Index","","2026-07-30","passed","2026-07-30","Test Interaction","Ui","",""
"Verifies that a new tab can be opened and closed.","1893","TC-NAV-011 Open And Close Tab","","2026-07-30","passed","2026-07-30","Test Navigation","Ui","",""
"Verifies that page load time is returned correctly.","3514","TC-PERF-001 Get Page Load Time","","2026-07-30","passed","2026-07-30","Test Performance","Ui","",""
"Verifies that an element becomes visible.","763","TC-INT-010 Wait For Element","","2026-07-30","passed","2026-07-30","Test Interaction","Ui","",""
"Verifies that API configuration can be reset to defaults.","9","TC-CFG-008 Reset API Configuration","","2026-07-30","passed","2026-07-30","Test Api Config","Api","",""
"Verifies that there is exactly one email field on the page.","758","TC-VAL-UI-010 Verify Element Count","","2026-07-30","passed","2026-07-30","Test Ui Validation","Ui","",""
"Verifies that a non-existent element is not in the DOM.","825","TC-VAL-UI-003 Verify Element Does Not Exist","","2026-07-30","passed","2026-07-30","Test Ui Validation","Ui","",""
"Verifies test step is logged correctly.","5","TC-EL-031 Log Test Step","","2026-07-30","passed","2026-07-30","Test Execution Logger","Logging","",""
"Verifies that custom content type can be set.","3","TC-CFG-003 Configure Default Headers With Custom Content Type","","2026-07-30","passed","2026-07-30","Test Api Config","Api","",""
"Verifies that browser cache is cleared by creating fresh context.","4963","TC-UI-012 Clear Browser Cache","","2026-07-30","passed","2026-07-30","Test Common Ui","Ui","",""
"Verifies that submit button has expected display property.","770","TC-VAL-UI-015 Verify Element CSS Property","","2026-07-30","passed","2026-07-30","Test Ui Validation","Ui","",""
"Deletes a specific record from the test table.","15","TC-DM-005 Cleanup Single Test Record","","2026-07-30","passed","2026-07-30","Test Data Setup","Database","",""
"Verifies that the page URL contains expected text.","742","TC-VAL-UI-013 Verify Page URL Contains","","2026-07-30","passed","2026-07-30","Test Ui Validation","Ui","",""
"Verifies that an element loads on the page.","775","TC-NAV-013 Wait For Element To Load","","2026-07-30","passed","2026-07-30","Test Navigation","Ui","",""
"Verifies that logging can be enabled and disabled.","5","TC-EL-006 Enable And Disable Logging","","2026-07-30","passed","2026-07-30","Test Execution Logger","Logging","",""
"Verifies that authentication configuration can be cleared.","235","TC-AUTH-009 Clear Auth","","2026-07-30","passed","2026-07-30","Test Api Auth","Api","",""
"Verifies that a log file is created successfully.","7","TC-FL-001 Create Log File","","2026-07-30","passed","2026-07-30","Test File Logger","Logging","",""
"Verifies that focus can be removed from an element.","801","TC-INT-006 Blur Element","","2026-07-30","passed","2026-07-30","Test Interaction","Ui","",""
"Verifies that a backup of the log file is created.","9","TC-FL-006 Backup Log File","","2026-07-30","passed","2026-07-30","Test File Logger","Logging","",""
"Verifies that a viewport screenshot is taken successfully.","1260","TC-VIS-003 Take Viewport Screenshot","","2026-07-30","passed","2026-07-30","Test Visual Testing","Ui","",""
"Verifies that the email field is visible.","3914","TC-VAL-UI-001 Verify Element Is Visible","","2026-07-30","passed","2026-07-30","Test Ui Validation","Ui","",""
"Verifies that a link can be opened in a new tab.","3795","TC-MC-008 Open Link In New Tab","","2026-07-30","passed","2026-07-30","Test Multi Context","Ui","",""
"Verifies that First Contentful Paint metric is returned.","801","TC-PERF-003 Get First Contentful Paint","","2026-07-30","passed","2026-07-30","Test Performance","Ui","",""
"Verifies that the login API resource loads within limit.","749","TC-PERF-008 Verify Resource Load Time","","2026-07-30","passed","2026-07-30","Test Performance","Ui","",""
"Verifies suite statistics are logged correctly.","6","TC-EL-011 Log Suite Statistics","","2026-07-30","passed","2026-07-30","Test Execution Logger","Logging","",""
"Verifies that connection details are logged correctly.","5","TC-QL-007 Log Connection Details","","2026-07-30","passed","2026-07-30","Test Query Logger","Logging","",""
"Verifies scrolling to a specific element.","797","TC-NAV-014 Scroll To Element","","2026-07-30","passed","2026-07-30","Test Navigation","Ui","",""
"Verifies that login form disappears after successful login.","1137","TC-INT-015 Login And Wait For Element To Disappear","","2026-07-30","passed","2026-07-30","Test Interaction","Ui","",""
"Verifies that a failed query is logged correctly.","5","TC-QL-005 Log Query Failure","","2026-07-30","passed","2026-07-30","Test Query Logger","Logging","",""
"Verifies that duration is logged to the file.","10","TC-EL-005 Log Duration","","2026-07-30","passed","2026-07-30","Test Execution Logger","Logging","",""
"Creates a new test user in the users table.","18","TC-CRUD-006 Create A New User","","2026-07-30","passed","2026-07-30","Test Crud","Database","",""
"Verifies switching between browser contexts.","29","TC-MC-002 Switch To Context","","2026-07-30","passed","2026-07-30","Test Multi Context","Ui","",""
"Verifies suite setup start and end are logged.","14","TC-EL-008 Log Suite Setup Start And End","","2026-07-30","passed","2026-07-30","Test Execution Logger","Logging","",""
"Verifies that status code is in expected list.","221","TC-VAL-API-002 Validate Status Code In List","","2026-07-30","passed","2026-07-30","Test Api Validation","Api","",""
"Verifies that a new page opens successfully.","2301","TC-UI-002 Open New Page","","2026-07-30","passed","2026-07-30","Test Common Ui","Ui","",""
"Verifies that an execution report is generated.","9","TC-FL-009 Generate Execution Report","","2026-07-30","passed","2026-07-30","Test File Logger","Logging","",""
"Verifies that a full exception with stack trace is logged.","10","TC-ERR-002 Log Exception","","2026-07-30","passed","2026-07-30","Test Error Logger","Logging","",""
"Verifies that browser version is returned.","1144","TC-UI-006 Get Browser Version","","2026-07-30","passed","2026-07-30","Test Common Ui","Ui","",""
"Reads all records from the users table.","14","TC-CRUD-001 Read All Records From Users Table","","2026-07-30","passed","2026-07-30","Test Crud","Database","",""
"Verifies the exact number of records in the users table.","14","TC-VAL-005 Verify Table Record Count","","2026-07-30","passed","2026-07-30","Test Validation","Database","",""
"Verifies keyword success is logged correctly.","5","TC-EL-019 Log Keyword Success","","2026-07-30","passed","2026-07-30","Test Execution Logger","Logging","",""
"Verifies switching between tabs.","1898","TC-NAV-012 Switch To Tab","","2026-07-30","passed","2026-07-30","Test Navigation","Ui","",""
"Verifies that a timeout error is logged correctly.","11","TC-ERR-005 Log Timeout Error","","2026-07-30","passed","2026-07-30","Test Error Logger","Logging","",""
"Verifies that URL contains expected text.","750","TC-NAV-004 Verify URL Contains","","2026-07-30","passed","2026-07-30","Test Navigation","Ui","",""
"Verifies that form field contains expected value.","804","TC-FORM-004 Verify Form Field Value","","2026-07-30","passed","2026-07-30","Test Form","Ui","",""
"Verifies execution log is archived successfully.","15","TC-EL-034 Archive Execution Log","","2026-07-30","passed","2026-07-30","Test Execution Logger","Logging","",""
"Verifies that the log file is archived.","9","TC-FL-010 Archive Log File","","2026-07-30","passed","2026-07-30","Test File Logger","Logging","",""
"Verifies that form field value is returned correctly.","855","TC-FORM-003 Get Form Field Value","","2026-07-30","passed","2026-07-30","Test Form","Ui","",""
"Verifies that wrong credentials show error message.","4332","TC-FORM-016 Verify Login Failure","","2026-07-30","passed","2026-07-30","Test Form","Ui","",""
"Verifies that response status code is returned correctly.","214","TC-CLI-003 Get Response Status Code","","2026-07-30","passed","2026-07-30","Test Api Client","Api","",""
"Verifies that the page matches the baseline screenshot.","1673","TC-VIS-006 Verify Page Has Not Changed","","2026-07-30","passed","2026-07-30","Test Visual Testing","Ui","",""
"Verifies an element becomes visible after a failed login.","3884","TC-VAL-UI-016 Verify Element Is Hidden After Submit Error","","2026-07-30","passed","2026-07-30","Test Ui Validation","Ui","",""
"Verifies keyword result is logged correctly.","5","TC-EL-018 Log Keyword Result","","2026-07-30","passed","2026-07-30","Test Execution Logger","Logging","",""
"Verifies that the login request is detected when form is submitted.","3669","TC-NET-001 Wait For Request","","2026-07-30","passed","2026-07-30","Test Network","Ui","",""
"Verifies test summary is logged correctly.","6","TC-EL-015 Log Test Summary","","2026-07-30","passed","2026-07-30","Test Execution Logger","Logging","",""
"Reads a single record by its primary key.","29","TC-CRUD-003 Read Record By Id","","2026-07-30","passed","2026-07-30","Test Crud","Database","",""
"Verifies multiple column values for a specific user.","15","TC-VAL-008 Verify Multiple Column Values","","2026-07-30","passed","2026-07-30","Test Validation","Database","",""
"Verifies error message is logged correctly.","5","TC-EL-029 Log Error Message","","2026-07-30","passed","2026-07-30","Test Execution Logger","Logging","",""
"Verifies that a browser context can be created and closed.","4892","TC-UI-010 Create And Close Browser Context","","2026-07-30","passed","2026-07-30","Test Common Ui","Ui","",""
"Verifies that auth headers can be merged with extra headers.","231","TC-AUTH-008 Merge Auth With Headers","","2026-07-30","passed","2026-07-30","Test Api Auth","Api","",""
"Verifies that response contains Content-Type header.","223","TC-VAL-API-007 Validate Response Header Contains","","2026-07-30","passed","2026-07-30","Test Api Validation","Api","",""
"Verifies that response time is within 5 seconds.","210","TC-VAL-API-008 Validate Response Time","","2026-07-30","passed","2026-07-30","Test Api Validation","Api","",""
"Verifies that auth headers are returned after configuration.","221","TC-AUTH-002 Get Auth Headers","","2026-07-30","passed","2026-07-30","Test Api Auth","Api","",""
"Verifies that the log file exists and is not empty.","6","TC-FL-004 Validate Log File","","2026-07-30","passed","2026-07-30","Test File Logger","Logging","",""
"Verifies that all browser contexts can be retrieved.","14","TC-MC-003 Get All Contexts","","2026-07-30","passed","2026-07-30","Test Multi Context","Ui","",""
"Verifies that performance timer works correctly.","1763","TC-PERF-009 Start And Stop Performance Timer","","2026-07-30","passed","2026-07-30","Test Performance","Ui","",""
"Verifies that heading text contains expected words.","774","TC-VAL-UI-005 Verify Element Text Contains","","2026-07-30","passed","2026-07-30","Test Ui Validation","Ui","",""
"Verifies that page scrolls back to the top.","755","TC-NAV-007 Scroll To Top","","2026-07-30","passed","2026-07-30","Test Navigation","Ui","",""
"Verifies that network can be set offline and back online.","1019","TC-NET-006 Set Network Offline And Online","","2026-07-30","passed","2026-07-30","Test Network","Ui","",""
"Verifies that text can be cleared and retyped.","864","TC-INT-003 Clear And Type Text","","2026-07-30","passed","2026-07-30","Test Interaction","Ui","",""
"Verifies that API session can be deleted.","3","TC-CLI-007 Delete API Session","","2026-07-30","passed","2026-07-30","Test Api Client","Api","",""
"Verifies that multiple form fields can be filled at once.","845","TC-FORM-010 Fill Form With Data","","2026-07-30","passed","2026-07-30","Test Form","Ui","",""
"Verifies pass message is logged correctly.","5","TC-EL-026 Log Pass Message","","2026-07-30","passed","2026-07-30","Test Execution Logger","Logging","",""
"Verifies that login form can be submitted.","874","TC-FORM-014 Submit Login Form","","2026-07-30","passed","2026-07-30","Test Form","Ui","",""
"Reads filtered records from users table.","10","TC-CRUD-002 Read Records With WHERE Clause","","2026-07-30","passed","2026-07-30","Test Crud","Database","",""
"Verifies that response body contains accessToken key.","211","TC-VAL-API-005 Validate Response Body Contains Key","","2026-07-30","passed","2026-07-30","Test Api Validation","Api","",""
"Verifies that email field is within expected position bounds.","792","TC-VIS-009 Verify Element Position","","2026-07-30","passed","2026-07-30","Test Visual Testing","Ui","",""
"Verifies debug message is logged when level is DEBUG.","10","TC-EL-028 Log Debug Message","","2026-07-30","passed","2026-07-30","Test Execution Logger","Logging","",""
"Verifies that key login page elements are visible.","771","TC-VIS-008 Verify Page Layout","","2026-07-30","passed","2026-07-30","Test Visual Testing","Ui","",""
"Verifies that cookies are cleared successfully.","1150","TC-UI-009 Clear Browser Cookies","","2026-07-30","passed","2026-07-30","Test Common Ui","Ui","",""
"Verifies that the login response has a 200 status.","1535","TC-NET-003 Verify Response Status","","2026-07-30","passed","2026-07-30","Test Network","Ui","",""
"Verifies that the login response contains a token.","1161","TC-NET-005 Verify Response Contains","","2026-07-30","passed","2026-07-30","Test Network","Ui","",""
"Verifies that all user sessions can be closed at once.","4685","TC-MC-013 Close All User Sessions","","2026-07-30","passed","2026-07-30","Test Multi Context","Ui","",""
"Verifies that response body is not empty.","212","TC-VAL-API-003 Validate Response Body Is Not Empty","","2026-07-30","passed","2026-07-30","Test Api Validation","Api","",""
"Verifies that page scrolls by a specific amount.","770","TC-NAV-008 Scroll By","","2026-07-30","passed","2026-07-30","Test Navigation","Ui","",""
"Verifies keyword duration is logged correctly.","5","TC-EL-021 Log Keyword Duration","","2026-07-30","passed","2026-07-30","Test Execution Logger","Logging","",""
"Verifies that Basic authentication can be configured.","7","TC-AUTH-004 Set Basic Auth","","2026-07-30","passed","2026-07-30","Test Api Auth","Api","",""
"Verifies that storage state can be retrieved.","4024","TC-MC-012 Get Context Storage State","","2026-07-30","passed","2026-07-30","Test Multi Context","Ui","",""
"Verifies that all open tabs are returned.","738","TC-NAV-010 Get All Tabs","","2026-07-30","passed","2026-07-30","Test Navigation","Ui","",""
"Verifies that an empty form field is detected.","814","TC-FORM-005 Verify Form Field Is Empty","","2026-07-30","passed","2026-07-30","Test Form","Ui","",""
"Verifies that two contexts do not share session data.","7866","TC-MC-011 Verify Contexts Are Isolated","","2026-07-30","passed","2026-07-30","Test Multi Context","Ui","",""
"Verifies that a baseline screenshot is saved successfully.","1252","TC-VIS-004 Save Baseline Screenshot","","2026-07-30","passed","2026-07-30","Test Visual Testing","Ui","",""
"Verifies that a cookie can be set in the browser.","1158","TC-UI-008 Set Browser Cookie","","2026-07-30","passed","2026-07-30","Test Common Ui","Ui","",""
"Verifies that Tab key moves focus to next element.","798","TC-INT-007 Press Tab","","2026-07-30","passed","2026-07-30","Test Interaction","Ui","",""
"Executes a custom SELECT query on users table.","6","TC-CRUD-005 Execute Custom Query","","2026-07-30","passed","2026-07-30","Test Crud","Database","",""
"Verifies that tab count is returned correctly.","3696","TC-MC-009 Get Tab Count","","2026-07-30","passed","2026-07-30","Test Multi Context","Ui","",""
"Verifies that duration is calculated correctly.","6","TC-EL-004 Calculate Execution Duration","","2026-07-30","passed","2026-07-30","Test Execution Logger","Logging","",""
"Verifies that the current URL is returned correctly.","1168","TC-UI-004 Get Current Page URL","","2026-07-30","passed","2026-07-30","Test Common Ui","Ui","",""
"Verifies critical message is logged correctly.","5","TC-EL-030 Log Critical Message","","2026-07-30","passed","2026-07-30","Test Execution Logger","Logging","",""
"Verifies that Enter key works.","803","TC-INT-009 Press Enter","","2026-07-30","passed","2026-07-30","Test Interaction","Ui","",""
"Verifies that default headers are returned correctly.","4","TC-CFG-002 Get Default Headers","","2026-07-30","passed","2026-07-30","Test Api Config","Api","",""
"Verifies that page load time is within acceptable limit.","751","TC-PERF-007 Verify Page Load Time","","2026-07-30","passed","2026-07-30","Test Performance","Ui","",""
"Verifies that transaction end is logged correctly.","5","TC-QL-009 Log Transaction End","","2026-07-30","passed","2026-07-30","Test Query Logger","Logging","",""
"Verifies execution status update is logged.","5","TC-EL-024 Update Execution Status","","2026-07-30","passed","2026-07-30","Test Execution Logger","Logging","",""
"Verifies that old log files are deleted.","10","TC-FL-012 Delete Old Logs","","2026-07-30","passed","2026-07-30","Test File Logger","Logging","",""
"Verifies that email field is visible within the viewport.","772","TC-VIS-007 Verify Element Is Visible On Screen","","2026-07-30","passed","2026-07-30","Test Visual Testing","Ui","",""
"Verifies dashboard endpoint returns valid response.","173","TC-VAL-API-009 Validate Dashboard Response","","2026-07-30","passed","2026-07-30","Test Api Validation","Api","",""
"Verifies that a specific column has the expected value.","7","TC-VAL-003 Verify Column Value","","2026-07-30","passed","2026-07-30","Test Validation","Database","",""
"Verifies that all form field values are returned as dictionary.","799","TC-FORM-012 Get All Form Field Values","","2026-07-30","passed","2026-07-30","Test Form","Ui","",""
"Verifies that element text is returned correctly.","793","TC-VAL-UI-004 Get Element Text","","2026-07-30","passed","2026-07-30","Test Ui Validation","Ui","",""
"Verifies that an error summary is logged at the end.","11","TC-ERR-007 Log Error Summary","","2026-07-30","passed","2026-07-30","Test Error Logger","Logging","",""
"Verifies that a non-existent user is not in the database.","8","TC-VAL-002 Verify Record Does Not Exist In Users Table","","2026-07-30","passed","2026-07-30","Test Validation","Database","",""
"Verifies that a browser session opens successfully.","3713","TC-UI-001 Open Browser Session","","2026-07-30","passed","2026-07-30","Test Common Ui","Ui","",""
"Verifies the inserted records exist in the test table.","21","TC-DM-004 Verify Test Records Exist","","2026-07-30","passed","2026-07-30","Test Data Setup","Database","",""
"Counts all records in the users table.","7","TC-CRUD-004 Count Records In Users Table","","2026-07-30","passed","2026-07-30","Test Crud","Database","",""
"Verifies that query duration is logged correctly.","5","TC-QL-003 Log Query Duration","","2026-07-30","passed","2026-07-30","Test Query Logger","Logging","",""
"Verifies that the log file is cleared.","10","TC-FL-011 Clear Log File","","2026-07-30","passed","2026-07-30","Test File Logger","Logging","",""
"Verifies that an element becomes enabled.","773","TC-INT-011 Wait For Element To Be Enabled","","2026-07-30","passed","2026-07-30","Test Interaction","Ui","",""
"Verifies that screenshot path is returned correctly.","734","TC-VIS-010 Get Screenshot Path","","2026-07-30","passed","2026-07-30","Test Visual Testing","Ui","",""
"Verifies that an element screenshot is taken successfully.","993","TC-VIS-002 Take Element Screenshot","","2026-07-30","passed","2026-07-30","Test Visual Testing","Ui","",""
"Verifies that the page title is returned correctly.","1186","TC-UI-003 Get Current Page Title","","2026-07-30","passed","2026-07-30","Test Common Ui","Ui","",""
"Verifies that the connection status is ACTIVE after connecting.","54","TC-CON-002 Verify Database Connection Status","","2026-07-30","passed","2026-07-30","Test Connection","Database","",""
"Verifies that a form field can be cleared.","974","TC-FORM-002 Clear Form Field","","2026-07-30","passed","2026-07-30","Test Form","Ui","",""
"Verifies that proxy settings can be configured.","3","TC-CFG-006 Configure Proxy","","2026-07-30","passed","2026-07-30","Test Api Config","Api","",""
"Verifies that a keyword error is captured and logged without failing.","9","TC-ERR-008 Capture And Log Error","","2026-07-30","passed","2026-07-30","Test Error Logger","Logging","",""
"Verifies that error details are logged correctly.","10","TC-ERR-001 Log Error Details","","2026-07-30","passed","2026-07-30","Test Error Logger","Logging","",""
"Verifies test setup start and end are logged.","10","TC-EL-012 Log Test Setup Start And End","","2026-07-30","passed","2026-07-30","Test Execution Logger","Logging","",""
"Verifies navigation to the BMS URL.","3657","TC-NAV-001 Navigate To URL","","2026-07-30","passed","2026-07-30","Test Navigation","Ui","",""
"Verifies that the page loads successfully.","746","TC-NAV-005 Wait For Page To Load","","2026-07-30","passed","2026-07-30","Test Navigation","Ui","",""
"Verifies that email field has type attribute equal to email.","801","TC-VAL-UI-008 Verify Element Attribute","","2026-07-30","passed","2026-07-30","Test Ui Validation","Ui","",""
"Verifies that slow resources are detected correctly.","740","TC-PERF-006 Get Slow Resources","","2026-07-30","passed","2026-07-30","Test Performance","Ui","",""
"Verifies that login form is filled correctly.","886","TC-FORM-013 Fill Login Form","","2026-07-30","passed","2026-07-30","Test Form","Ui","",""
"Verifies switching between user sessions.","4470","TC-MC-006 Switch To User Session","","2026-07-30","passed","2026-07-30","Test Multi Context","Ui","",""
"Verifies that elapsed time is returned after stopping timer.","1748","TC-PERF-010 Get Elapsed Time","","2026-07-30","passed","2026-07-30","Test Performance","Ui","",""
"Verifies that an assertion error with expected vs actual is logged.","10","TC-ERR-003 Log Assertion Error","","2026-07-30","passed","2026-07-30","Test Error Logger","Logging","",""
"Verifies that a database connection error is logged.","11","TC-ERR-004 Log Connection Error","","2026-07-30","passed","2026-07-30","Test Error Logger","Logging","",""
"Verifies keyword arguments are logged correctly.","8","TC-EL-017 Log Keyword Arguments","","2026-07-30","passed","2026-07-30","Test Execution Logger","Logging","",""
"Verifies test duration is logged correctly.","5","TC-EL-014 Log Test Duration","","2026-07-30","passed","2026-07-30","Test Execution Logger","Logging","",""
"Verifies that text can be typed into an element.","920","TC-INT-002 Type Text","","2026-07-30","passed","2026-07-30","Test Interaction","Ui","",""
"Verifies keyword failure is logged correctly.","5","TC-EL-020 Log Keyword Failure","","2026-07-30","passed","2026-07-30","Test Execution Logger","Logging","",""
"Verifies that hovering over an element works.","816","TC-INT-004 Hover Over Element","","2026-07-30","passed","2026-07-30","Test Interaction","Ui","",""
"Verifies that the email field exists in the DOM.","916","TC-VAL-UI-002 Verify Element Exists","","2026-07-30","passed","2026-07-30","Test Ui Validation","Ui","",""
"Verifies that last response is stored and returned.","222","TC-CLI-005 Get Last Response","","2026-07-30","passed","2026-07-30","Test Api Client","Api","",""
"Verifies that the email column has the correct data type.","9","TC-VAL-009 Verify Data Type Of Email Column","","2026-07-30","passed","2026-07-30","Test Validation","Database","",""
"Verifies browser back and forward navigation.","2966","TC-NAV-009 Go Back And Forward","","2026-07-30","passed","2026-07-30","Test Navigation","Ui","",""
"Verifies that email field is required by submitting empty form.","904","TC-FORM-006 Verify Form Field Is Required","","2026-07-30","passed","2026-07-30","Test Form","Ui","",""
"Verifies that tab count matches expected number.","3698","TC-MC-010 Verify Tab Count","","2026-07-30","passed","2026-07-30","Test Multi Context","Ui","",""
"Verifies that the log file size is greater than 0.","4","TC-FL-005 Get Log File Size","","2026-07-30","passed","2026-07-30","Test File Logger","Logging","",""
"Verifies that form fields are enabled.","800","TC-FORM-008 Verify Form Field Is Enabled","","2026-07-30","passed","2026-07-30","Test Form","Ui","",""
"Verifies that focus can be set on an element.","770","TC-INT-005 Focus Element","","2026-07-30","passed","2026-07-30","Test Interaction","Ui","",""
"Verifies that a SQL query is logged correctly.","10","TC-QL-001 Log Database Query","","2026-07-30","passed","2026-07-30","Test Query Logger","Logging","",""
"Verifies that API key authentication can be configured.","7","TC-AUTH-006 Set API Key Auth","","2026-07-30","passed","2026-07-30","Test Api Auth","Api","",""
"Verifies that a specific context can be closed.","26","TC-MC-004 Close Specific Context","","2026-07-30","passed","2026-07-30","Test Multi Context","Ui","",""
"Verifies that a critical error is logged correctly.","10","TC-ERR-010 Log Critical Error","","2026-07-30","passed","2026-07-30","Test Error Logger","Logging","",""
"Verifies that a GET request works correctly.","378","TC-CLI-006 GET Request","","2026-07-30","passed","2026-07-30","Test Api Client","Api","",""
